S/N,Subject,Topic,Description,Questions and Answers,
1,Biological and Biochemical Foundations of Living Systems,Enzyme Kinetics,"Biology Lab Experiment: Enzyme Kinetics. Objective: To investigate the effects of substrate concentration and enzyme concentration on the rate of an enzymatic reaction. Procedure: 1. Prepare a series of reaction mixtures with varying substrate concentrations (e.g., 1 mM, 2.5 mM, 5 mM, 10 mM) while keeping the enzyme concentration constant. 2. Add the buffer solution and the substrate solution to the cuvette, and mix well. 3. Start the stopwatch and immediately measure the absorbance of the reaction mixture at a specific wavelength (e.g., 240 nm for catalase) using the spectrophotometer. 4. Continue to measure the absorbance at regular intervals (e.g., every 30 seconds) for a total of 3 minutes. 5. Repeat the experiment with varying enzyme concentrations (e.g., 0.1 mg/mL, 0.5 mg/mL, 1 mg/mL) while keeping the substrate concentration constant. 6. Analyze the data by plotting the initial reaction rate (the change in absorbance per unit time) against the substrate or enzyme concentration. ","Questions and Answers: 1. Question: Which of the following is the primary function of enzymes in biological systems?    Answer: The primary function of enzymes in biological systems is to act as catalysts, which speed up the rate of chemical reactions without being consumed or altered in the process. Explanation: Enzymes are biological macromolecules that can dramatically increase the rate of chemical reactions by lowering the activation energy required for the reaction to occur. They do this by providing an alternative reaction pathway that is more favorable, thereby accelerating the reaction without being permanently changed themselves. 2. Question: Referring to the enzyme kinetics experiment, which of the following would you expect to happen to the initial reaction rate as the substrate concentration is increased? Answer: As the substrate concentration is increased, the initial reaction rate would also increase, until it reaches a maximum rate known as the Vmax (maximum velocity). Explanation: According to the Michaelis-Menten model of enzyme kinetics, the initial reaction rate is directly proportional to the substrate concentration when the substrate concentration is low. As the substrate concentration increases, more enzyme-substrate complexes are formed, leading to a higher rate of product formation. However, as the substrate concentration continues to rise, the enzyme becomes saturated, and the reaction rate reaches a maximum value (Vmax) where all the available enzyme active sites are occupied. 3. Question: In the enzyme kinetics experiment, how would you expect the initial reaction rate to change as the enzyme concentration is increased, while keeping the substrate concentration constant? Answer: As the enzyme concentration is increased, the initial reaction rate would also increase linearly. Explanation: The initial reaction rate of an enzymatic reaction is directly proportional to the enzyme concentration, as long as the substrate concentration is not limiting. More enzyme molecules present in the reaction means more active sites available for the substrate to bind to, leading to a higher rate of product formation. This linear relationship between enzyme concentration and initial reaction rate continues until the substrate becomes the limiting factor in the reaction. 4. Question: What is the purpose of including a buffer solution in the enzyme kinetics experiment?    Answer: The buffer solution is included to maintain a constant pH throughout the enzymatic reaction, as enzymes are highly sensitive to changes in pH.    Explanation: Enzymes are typically most active within a specific pH range, as changes in pH can alter the protonation state of amino acid residues in the active site, affecting the enzyme's structure and function. By including a buffer solution, the pH of the reaction mixture is kept stable, ensuring that any changes observed in the reaction rate are due to the experimental variables (substrate or enzyme concentration) rather than fluctuations in pH.",
2,Biological and Biochemical Foundations of Living Systems,Proteins Structure,"Exploring the Structure and Function of Amino Acids and Proteins. Description: This experiment aims to investigate the structure and function of amino acids, focusing on their classifications, properties, and the formation of proteins through peptide bonds. Students will explore the relationship between amino acid structure and function, as well as the impact of environmental conditions on protein stability. Objectives:  Understand the classification of amino acids (acidic, basic, hydrophobic, hydrophilic). Examine the formation of peptide bonds and the concept of proteins as polymers of amino acids. Investigate how changes in pH and temperature affect protein structure.  Procedure: Preparation of Amino Acid Solutions: Weigh and dissolve approximately 1 g of each amino acid in 10 mL of distilled water to create concentrated solutions. Classification of Amino Acids: Measure the pH of each amino acid solution using a pH meter or pH paper. Classify each amino acid as acidic, basic, hydrophobic, or hydrophilic based on its structure and pH.
Peptide Bond Formation: In a test tube, mix 1 mL of glycine solution with 1 mL of alanine solution. Heat gently over a hot plate for 10 minutes to promote peptide bond formation. Allow the mixture to cool, then add 2 mL of distilled water. Protein Detection:
Add a few drops of Biuret reagent to the cooled peptide solution. A color change to violet indicates the presence of peptide bonds (proteins). Effect of pH on Protein Stability: Prepare three test tubes with the peptide solution. Adjust the pH of each tube to acidic (pH 3), neutral (pH 7), and basic (pH 10) using HCl and NaOH. Observe any changes in color or precipitate formation. Paper Chromatography: Apply small spots of each amino acid solution on chromatography paper. Place the paper in a developing solvent and allow it to run. Measure and record the distances traveled by each amino acid.","Questions and Answers: Question: What are the classifications of amino acids? Answer: Amino acids can be classified as: Acidic: e.g., glutamic acid Basic: e.g., lysine Hydrophobic: e.g., alanine, valine Hydrophilic: e.g., serine, aspartic acid. Classification of Amino Acids: Understanding the properties of amino acids helps predict their roles in protein structure and function, including interactions with other molecules. Question: What is the significance of peptide bond formation? Answer: Peptide bonds link amino acids together to form polypeptides and proteins, which are essential for biological function and structure. This process is fundamental in protein synthesis, emphasizing how amino acids connect to form complex structures. Question: How does pH affect protein stability? Answer: Changes in pH can alter the ionization state of amino acid side chains, affecting protein folding and stability. Extreme pH levels can lead to denaturation. The stability of proteins is highly dependent on environmental conditions. Understanding these effects is crucial for applications in biochemistry and biotechnology. Question: What indicates the presence of proteins in the peptide solution? Answer: The addition of Biuret reagent, which turns violet in the presence of peptide bonds, indicates the presence of proteins. Biuret Test: This qualitative test for proteins demonstrates the presence of peptide bonds, reinforcing the relationship between structure and function. Question: How do hydrophobic and hydrophilic interactions influence protein structure? Answer: Hydrophobic interactions drive nonpolar side chains to the interior of proteins, stabilizing the structure, while hydrophilic interactions facilitate the exposure of polar side chains to the aqueous environment. Conclusion:  This experiment provides foundational knowledge about amino acids and proteins, emphasizing their classifications, reactions, and the biochemical principles governing their stability and functionality. Students gain practical experience with techniques that are essential in biochemistry and molecular biology.",
3,Biological and Biochemical Foundations of Living Systems,Protein Structure 1,"Exploring Protein Structure and Stability. Description: This experiment aims to explore the four levels of protein structure (primary, secondary, tertiary, and quaternary), the role of specific amino acids in protein stability, and the factors influencing protein folding and denaturation. Students will examine how hydrophobic interactions and solvation layers contribute to conformational stability. Objectives:  •	Understand the four levels of protein structure. •	Investigate the roles of proline and cysteine in protein stability. •	Explore the effects of hydrophobic interactions and solvation on protein folding. •	Assess the impact of denaturing agents on protein structure.  Procedure:  1.	Preparation of Protein Solutions: •	Dissolve approximately 1 g of egg white  albumin in 10 mL of distilled water to prepare a protein solution. 2.	Determining Primary Structure: •	Using paper chromatography, analyze the amino acid composition of hydrolyzed egg albumin. Hydrolyze the protein by boiling it with 6 M HCl for 30 minutes. •	Spot the hydrolyzed solution on chromatography paper and run it in a suitable solvent. Identify the amino acids present. 3.	Observing Secondary Structure: •	Use a CD spectrophotometer to analyze the protein solution. Record the wavelength and intensity to observe the presence of ?-helices and ?-sheets. 4.	Investigating Tertiary Structure: •	Add a few drops of Biuret reagent to the protein solution. Record any color change, indicating the presence of peptide bonds.
•	Prepare two test tubes with the protein solution. In one, add urea to a final concentration of 6 M (denatured), and in the other, maintain the original solution (native). Observe any changes in clarity and structure. 5.	Exploring Quaternary Structure:
•	If using a protein that forms multimers (e.g., hemoglobin), prepare a solution and analyze using CD spectrophotometry again to assess complex formation. 6.	Assessing Hydrophobic Interactions: •	Heat a portion of the protein solution to denature it and then cool it down. Observe the changes in protein solubility, noting hydrophobic interactions during refolding. 7.	Impact of Solvation Layer: •	Discuss how adding salts (e.g., NaCl) affects protein solubility and stability, focusing on the solvation layer and entropy. ","Questions and Answers: 1.    Question: What are the four levels of protein structure? •	Answer: The four levels are: •	Primary: Sequence of amino acids. •	Secondary: Local folding patterns (?-helices and ?-sheets). •	Tertiary: Overall three-dimensional shape. •	Quaternary: Assembly of multiple polypeptide chains. •	Protein Structure Levels: Understanding these levels helps clarify how proteins achieve their functional forms and how mutations can disrupt function. 2.	Question: What role does proline play in protein structure? •	Answer: Proline introduces kinks in the polypeptide chain, disrupting regular secondary structures like ?-helices, affecting overall folding and stability. •	Proline and Cysteine: Proline's unique structure affects folding, while cysteine's ability to form disulfide bonds stabilizes tertiary and quaternary structures. 3.	Question: How do hydrophobic interactions contribute to protein folding? •	Answer: Hydrophobic side chains tend to aggregate in the interior of the protein, away from the aqueous  environment, stabilizing the folded structure through nonpolar interactions. •	Hydrophobic Interactions: These interactions are key to protein folding, driving the formation of stable conformations that minimize exposure of hydrophobic residues to water. 4. Question: What is denaturation, and what causes it? •	Answer: Denaturation is the loss of a protein's native structure due to external stressors, such as heat, pH changes, or denaturing agents like urea, leading to loss of function. •	Denaturation: This process highlights the importance of environmental conditions in maintaining protein integrity and function. 5.	Question: Explain the significance of the solvation layer in protein stability. •	Answer: The solvation layer surrounds proteins in solution, affecting their stability and folding. A well-structured solvation layer reduces entropy, stabilizing the protein conformation. •	Solvation Layer: Understanding entropy in relation to solvation helps explain how proteins interact with their environment, influencing solubility and stability. 6.	This experiment provides insights into protein structure and stability, emphasizing the importance of amino acid interactions and environmental factors in biological systems. Students gain valuable hands-on experience with techniques essential in biochemistry and molecular biology.",
4,Biological and Biochemical Foundations of Living Systems,Protein Structure 2,"Separation Techniques and Isoelectric Point. Description: This experiment focuses on the principles of separation techniques, specifically electrophoresis, and the concept of isoelectric point (pI) in proteins. Students will learn how to separate proteins based on their charge and size, and determine the pI of a given protein sample using isoelectric focusing. Objectives: •	Understand the principles of electrophoresis and its applications in protein separation. •	Determine the isoelectric point of a protein. •	Analyze the effects of pH on protein charge and migration during electrophoresis. Procedure:  1.	Preparation of Protein Sample: •	Dilute the protein sample in a buffer solution to a concentration of approximately 1 mg/mL. 2.	Preparation of Isoelectric Focusing Gel: •	Prepare an isoelectric focusing gel according to the manufacturer’s instructions or use a pre-cast gel. Ensure the gel covers a pH gradient (e.g., pH 3 to pH 10). 3.	Loading the Sample: •	Load 20 µL of the protein sample into the wells of the gel. 4. Electrophoresis: •	Connect the gel to the power supply. Run electrophoresis at a constant voltage (e.g., 200 V) for 30-60 minutes, allowing the proteins to migrate based on their charge. 5.	Staining: •	After electrophoresis, remove the gel and incubate it in a staining solution for 30 minutes to visualize the separated proteins. •	Rinse the gel with distilled water to remove excess stain. 6.	Determining Isoelectric Point: •	Analyze the position of the protein bands on the gel. The pH at which the protein does not migrate is its isoelectric point (pI). ","Questions and Answers: 1.    Question: What is the principle of electrophoresis? •	Answer: Electrophoresis separates molecules based on their size and charge by applying an electric field to a gel matrix, causing charged molecules to migrate toward the electrode of opposite charge. 2. Question: How does the isoelectric point (pI) affect protein migration during electrophoresis?  •	Answer: At the pI, a protein has no net charge and does not migrate in an electric field. Above or below the pI, the protein carries a net charge and will migrate toward the electrode with an opposite charge. The pI is a critical property of proteins, influencing their solubility and interactions. At the pI, proteins aggregate and precipitate, which is important for purification processes. 3.	Question: What factors can influence the separation of proteins in electrophoresis? •	Answer: Factors include the size of the proteins, the gel concentration, the applied voltage, the buffer pH, and the ionic strength of the running buffer. Understanding how various factors affect electrophoresis can enhance the resolution and efficiency of protein separation, which is essential in research and clinical applications. 4.	Question: Why is it important to determine the isoelectric point of a protein? •	Answer: Knowing the pI is crucial for protein purification, as it helps in selecting conditions for effective separation and understanding protein solubility. 5.	Question: What role does the pH gradient play in isoelectric focusing? •	Answer: The pH gradient allows proteins to migrate until they reach a point where their net charge is zero (pI), effectively separating them based on their isoelectric points. The pH gradient in isoelectric focusing is fundamental for achieving precise separation based on intrinsic protein properties, allowing for better purification and characterization. Conclusion: This experiment provides a comprehensive overview of electrophoresis and the isoelectric point of proteins. Students gain practical experience with separation techniques, enhancing their understanding of protein chemistry and its applications in biochemistry and molecular biology.",
5,Biological and Biochemical Foundations of Living Systems,Enzyme Structure and Function 1,"Experiment Title: Investigating Enzyme Activity and Specificity. Description: This experiment aims to explore enzyme structure and function, focusing on how enzymes catalyze biological reactions, their classification by reaction type, and the principles of enzyme specificity and activation energy. Students will examine the effects of substrate concentration and temperature on enzyme activity using a model enzyme, catalase. Objectives:  •	Understand the role of enzymes in catalyzing biological reactions. •	Classify enzymes based on the type of reaction they catalyze. •	Investigate how enzymes reduce activation energy. •	Analyze enzyme specificity with different substrates. Procedure: 1.	Preparation of Enzyme Solution: •	Extract catalase from potato or yeast by blending the tissue with buffer solution and filtering to obtain the enzyme solution. 2.	Initial Experiment Setup: •	Prepare a series of test tubes with varying concentrations of hydrogen peroxide (0.1%, 0.3%, 0.5%, and 1.0%). •	Add a constant volume of catalase solution to each test tube (e.g., 1 mL). 3.	Measuring Enzyme Activity: •	Start the reaction by adding 1 mL of hydrogen peroxide to each tube and immediately start the stopwatch. •	Measure the amount of oxygen produced by observing the formation of bubbles for a fixed time (e.g., 5 minutes). 4.	Temperature Variation: •	Set up test tubes with a fixed concentration of hydrogen peroxide and catalase. Place them in water baths at different temperatures (e.g., 0°C, 25°C, 37°C, and 60°C). •	Measure the rate of oxygen production as in the previous step. 5.	Testing Substrate Specificity: •	Prepare test tubes with different substrates (e.g., glucose, ethanol) instead of hydrogen peroxide. •	Add the same amount of catalase and measure the reaction rate. ","Questions and Answers: 1.	Question: How do enzymes catalyze biological reactions? •	Answer: Enzymes lower the activation energy required for a reaction to occur, allowing reactions to proceed faster and under milder conditions. Explanation: Enzymes provide an alternative  reaction pathway with a lower activation energy, facilitating the conversion of substrates to products efficiently. 2.	Question: What are the main classifications of enzymes based on the type of reaction they catalyze? •	Answer: Enzymes can be classified into six main categories: oxidoreductases, transferases, hydrolases, lyases, isomerases, and ligases. Explanation: Each class of enzymes catalyzes a specific type of chemical reaction, contributing to various metabolic pathways. 3.	Question: What is the significance of enzyme specificity? •	Answer: Enzyme specificity refers to the ability of an enzyme to selectively catalyze a specific reaction for a particular substrate. Explanation: This specificity ensures that enzymes catalyze only the intended reactions in metabolic pathways, preventing unwanted side reactions. 4.	Question: How does temperature affect enzyme activity? •	Answer: Enzyme activity generally increases with temperature up to an optimal point, beyond which the activity decreases due to denaturation. Explanation: Higher temperatures increase molecular motion, enhancing collisions between enzymes and substrates. However, excessive heat can lead to the unfolding of the enzyme structure, reducing activity. 5.	Question: How do enzymes reduce activation energy? •	Answer: Enzymes stabilize the transition state of a reaction, lowering the energy barrier required for the reaction to proceed. Explanation: By binding substrates and facilitating the formation of the transition state, enzymes allow reactions to occur more easily and rapidly. Conclusion:  This experiment provides a comprehensive overview of enzyme structure and function, highlighting their catalytic roles, classification, and specificity. Students gain practical experience in enzyme kinetics and the factors affecting enzyme activity, essential knowledge for understanding biochemical processes.",
6,Biological and Biochemical Foundations of Living Systems,Enzyme Structure and Function 2,"Experiment Title: Investigating Enzyme Models and Activity. Description: This experiment examines enzyme structure and function, focusing on the active site model, induced-fit model, mechanisms of catalysis, and the roles of cofactors and coenzymes. Students will also explore how local conditions, such as pH and temperature, affect enzyme activity using a model enzyme such as amylase. Objectives: •	Understand the active site and induced-fit models of enzyme action. •	Explore the mechanisms of catalysis.
•	Investigate the roles of cofactors and coenzymes. •	Assess the effects of local conditions on enzyme activity. Procedure: 1.	Preparation of Enzyme Solution: •	Collect saliva from a volunteer or prepare a commercial amylase solution.
2.	Substrate Preparation: •	Prepare a starch solution at a concentration of 1% for use in the reaction. 3.	Testing Active Site and Induced-Fit Model: •	In separate test tubes, mix 1 mL of amylase solution with 5 mL of starch solution. Allow the reaction to proceed for 10 minutes. •	After the reaction, add a few drops of iodine to a sample of the reaction mixture. Record the color change (if any). Why: This step demonstrates the enzyme’s ability to bind to the substrate (starch) at the active site and begin catalyzing the reaction. 4.	Investigating Cofactors and Coenzymes: •	Prepare additional test tubes with amylase and starch. In some, add 1 mL of a cofactor solution (e.g., magnesium ions) or a coenzyme (e.g., NAD+). •	Repeat the reaction and record the effects on starch digestion. Why: Cofactors and coenzymes are essential for enzyme activity, and their presence can enhance or inhibit the enzymatic reaction. 5.	Effects of pH and Temperature: •	Set up test tubes containing amylase and starch at different pH levels (e.g., 4, 7, 9) and temperatures (e.g., 0°C, 25°C, 37°C, 60°C). •	After 10 minutes, test each mixture with iodine and observe the color change. Why: This step assesses how local conditions affect enzyme activity, providing insight into optimal working conditions for the enzyme. ","Questions and Answers: 1.	Question: Why is the active site important for enzyme function? •	Answer: The active site is crucial because it is the region where the substrate binds, allowing the enzyme to catalyze the reaction. Explanation: The specific shape and chemical environment of the active site facilitate the conversion of substrates into products, illustrating the lock-and-key model and the induced-fit model of enzyme action. 2.	Question: Why do we test for color change with iodine after the reaction? • Answer: Iodine is used to detect the presence of starch; if starch is still present, it will turn blue-black with iodine. Explanation: A lack of color change indicates that the amylase has effectively broken down the starch into simpler sugars, demonstrating enzyme activity. 3.	Question: Why are cofactors and coenzymes necessary for some enzymes? •	Answer: Cofactors and coenzymes assist enzymes in catalyzing reactions by stabilizing the enzyme-substrate complex or participating directly in the reaction. Explanation: Many enzymes require these molecules to function optimally, making them essential for various biochemical processes. 4.	Question: Why do we vary the pH and temperature in the enzyme activity experiment? •	Answer: Varying pH and temperature helps to identify the optimal conditions for enzyme activity and observe how deviations affect the reaction rate. Explanation: Enzymes are sensitive to changes in their environment, and understanding these effects is crucial for applications in biochemistry and medicine. 5. Question: Why is it important to understand the mechanisms of catalysis? •	Answer: Understanding catalysis mechanisms provides insight into how enzymes lower activation energy, which is key to their efficiency and function in biological systems. Explanation: This knowledge is foundational for developing enzyme inhibitors and understanding metabolic pathways. Conclusion: This experiment provides a comprehensive overview of enzyme structure and function, emphasizing the importance of the active site, the roles of cofactors and coenzymes, and the effects of local conditions on enzyme activity. Students gain practical knowledge essential for understanding biochemical processes and the role of enzymes in metabolism.",
