S/N,Subject,Topic,Question,Explanation
1,Biological and Biochemical Foundations of Living Systems,Structure and function of proteins and their constituent amino acids,Nucleotides and Nucleosides,"Nucleotides are the basic structural units of nucleic acids, such as DNA and RNA. Nucleotides consist of a nitrogenous base (either a purine or a pyrimidine), a sugar (deoxyribose in DNA or ribose in RNA), and a phosphate group. Nucleosides are similar to nucleotides but lack the phosphate group."
2,Biological and Biochemical Foundations of Living Systems,Structure and function of proteins and their constituent amino acids,Sugar-Phosphate Backbone,"In DNA and RNA, the nucleotides are linked together to form a sugar-phosphate backbone. The sugar (deoxyribose in DNA or ribose in RNA) is connected to the phosphate group, forming a repeating sugar-phosphate unit. This backbone provides structural support and stability to the nucleic acid molecules."
3,Biological and Biochemical Foundations of Living Systems,Structure and function of proteins and their constituent amino acids,Pyrimidine and Purine Residues,"Pyrimidines are a class of nitrogenous bases that include Cytosine (C), Thymine (T), and Uracil (U). Purines are a class of nitrogenous bases that include Adenine (A) and Guanine (G). These nitrogenous bases are the informational components of nucleic acids, as they form the specific base pairs (A-T/U, G-C) that store and transmit genetic information."
4,Biological and Biochemical Foundations of Living Systems,Structure and function of proteins and their constituent amino acids,"Explain the structure and composition of nucleotides and nucleosides, and discuss their importance in the context of nucleic acids.","Nucleotides are the basic structural units of nucleic acids, such as DNA and RNA. They consist of three key components: a nitrogenous base (either a purine or a pyrimidine), a sugar (deoxyribose in DNA or ribose in RNA), and a phosphate group. The nitrogenous bases are the informational components that store and transmit genetic information, while the sugar-phosphate backbone provides structural support and stability to the nucleic acid molecules. Nucleosides are similar to nucleotides but lack the phosphate group. They are composed of a nitrogenous base and a sugar, and they serve as precursors to the formation of nucleotides. The assembly of nucleotides into a sugar-phosphate backbone is a crucial process in the synthesis and replication of DNA and RNA, as it allows for the storage and transmission of genetic information. The specific arrangement and sequence of the nitrogenous bases (purines and pyrimidines) within the nucleic acid molecules are what encode the genetic instructions required for the proper function and development of living organisms. Understanding the structure and composition of nucleotides and nucleosides is essential for understanding the fundamental mechanisms of life at the molecular level."
5,Biological and Biochemical Foundations of Living Systems,Structure and function of proteins and their constituent amino acids,Discuss the role of the sugar-phosphate backbone in the structure and function of nucleic acids.,"The sugar-phosphate backbone is a critical component of the structure and function of nucleic acids, such as DNA and RNA. This backbone is formed by the covalent linkage of the sugar (deoxyribose in DNA or ribose in RNA) and the phosphate group, creating a repeating sugar-phosphate unit. The sugar-phosphate backbone serves several important functions: 1.	Structural support: The backbone provides the structural framework for the nucleic acid molecules, allowing them to maintain their characteristic double-helix (in the case of DNA) or single-stranded (in the case of RNA) conformations. 2.	Stability: The covalent bonds between the sugar and phosphate groups give the backbone a high degree of chemical and physical stability, which is necessary for the long-term storage and transmission of genetic information. 3.	Directionality: The sugar-phosphate backbone has a distinct directionality, with a 5' end (where the phosphate group is attached) and a 3' end (where the hydroxyl group of the sugar is located). This directionality is crucial for the synthesis, replication, and transcription of nucleic acids. 4.	Functional groups: The phosphate groups in the backbone carry a negative charge, which facilitates the formation of ionic bonds and hydrogen bonds between the nitrogenous bases, contributing to the overall stability and pairing of the nucleic acid strands. The sugar-phosphate backbone, in conjunction with the specific arrangement of the nitrogenous bases, is essential for the proper structure, function, and information storage capabilities of DNA and RNA, which are the fundamental molecules of life."
6,Biological and Biochemical Foundations of Living Systems,Structure and function of proteins and their constituent amino acids,"Explain the structure and function of proteins, and discuss the importance of amino acids in determining the properties and roles of proteins.","Proteins are large, complex molecules that are essential for the structure and function of living organisms. They are composed of amino acids, which are the building blocks of proteins. Each amino acid has a specific structure, consisting of an ?-carbon atom, a carboxyl group, an amino group, a hydrogen atom, and a side chain (R-group) that varies among the different amino acids. The sequence and arrangement of these amino acids within a protein determine its three-dimensional structure, which is crucial for its function. The interactions between the side chains of the amino acids, such as hydrogen bonding, ionic interactions, and disulfide bridges, contribute to the folding and stabilization of the protein structure. The properties of the amino acid side chains, such as their polarity, charge, and hydrophobicity, play a significant role in the overall function of the protein. For example, hydrophobic amino acids may be involved in the formation of the core of a protein, while hydrophilic amino acids may be located on the surface, interacting with the surrounding environment. Charged amino acids can participate in ionic interactions, which are important for protein-protein interactions and enzyme catalysis. The diversity of amino acids and their possible combinations allow for the creation of a vast array of protein structures and functions, ranging from structural support and transport to enzymatic catalysis and signaling. Understanding the relationship between the structure and function of proteins, as well as the role of amino acids in determining these properties, is crucial for advancing our knowledge of biological processes and for developing various applications in fields such as medicine, biotechnology, and nanotechnology"
7,Biological and Biochemical Foundations of Living Systems,Structure and function of proteins and their constituent amino acids,Discuss the different types of amino acid reactions and their significance in the context of protein structure and function.,"Amino acids, the building blocks of proteins, can undergo various reactions that are important for the structure and function of proteins. Three key amino acid reactions are: 1.	Sulfur linkage (disulfide bridge formation): •	Cysteine residues, which contain a sulfhydryl (-SH) group, can form covalent disulfide bridges with other cysteine residues. •	These sulfur linkages help stabilize the three-dimensional structure of proteins, particularly in proteins that require high levels of structural rigidity, such as those found in the extracellular matrix. 2.	Peptide linkage (polypeptide and protein formation): •	Amino acids can be linked together through the formation of peptide bonds, which connect the carboxyl group of one amino acid to the amino group of another. •	The sequential linking of amino acids through peptide bonds results in the formation of polypeptides and ultimately, proteins. •	This process is essential for the synthesis and assembly of proteins, which are critical for a wide range of biological functions. 3. Hydrolysis:
•	Proteins can be broken down into their constituent amino acids through the process of hydrolysis, which involves the cleavage of peptide bonds. •	Hydrolysis can occur naturally, such as during protein digestion, or can be induced in the laboratory for various analytical and experimental purposes. •	The ability to hydrolyze proteins is important for the recycling and reuse of amino acids, as well as for the study of protein structure and function. These amino acid reactions are fundamental to the formation, stabilization, and modification of protein structure, which in turn determines the diverse range of biological functions that proteins can perform. Understanding these reactions and their significance provides valuable insights into the complex world of protein biochemistry and its implications in various fields, from medicine and biotechnology to structural biology and evolutionary studies."
8,Biological and Biochemical Foundations of Living Systems,Structure and function of proteins and their constituent amino acids,Structure and Function of Proteins:,"Proteins are large, complex molecules composed of amino acids. •	Proteins play crucial roles in various biological processes, such as structural support, enzyme catalysis, transport, and signaling. •	The specific arrangement and sequence of amino acids in a protein determine its three-dimensional structure and ultimately its function."
9,Biological and Biochemical Foundations of Living Systems,Structure and function of proteins and their constituent amino acids,Amino Acids:,"Amino acids are the building blocks of proteins. •	They have an absolute configuration at the ?-carbon position, with a carboxyl group, an amino group, a hydrogen atom, and a side chain (R-group) attached. •	Amino acids can exist as dipolar ions, with both a positive and negative charge, depending on the pH of the surrounding environment. •	Amino acids can be classified as acidic, basic, hydrophobic, or hydrophilic, based on the properties of their side chains."
10,Biological and Biochemical Foundations of Living Systems,Structure and function of proteins and their constituent amino acids,Amino Acid Reactions:,"Cysteine residues can form disulfide bridges (sulfur linkages) with other cysteine residues, contributing to the stability and structure of proteins. •	Amino acids can be linked together through peptide bonds to form polypeptides and proteins. •	Proteins can be hydrolyzed (broken down) into their constituent amino acids through the process of hydrolysis, which is important for the digestion and recycling of proteins."
11,Biological and Biochemical Foundations of Living Systems,Structure and function of proteins and their constituent amino acids,Protein Structure:,"Primary structure (1°): The linear sequence of amino acids in a polypeptide chain. •	Secondary structure (2°): The local three-dimensional arrangement of the polypeptide chain, such as ?-helices and ?-sheets, stabilized by hydrogen bonding. •	Tertiary structure (3°): The overall three-dimensional shape of a protein, determined by interactions between different parts of the polypeptide chain, including hydrophobic, ionic, and disulfide bond interactions. •	Quaternary structure (4°): The arrangement of multiple polypeptide chains or subunits into a larger, functional protein complex."
12,Biological and Biochemical Foundations of Living Systems,Structure and function of proteins and their constituent amino acids,Conformational Stability and Folding:,"Proteins adopt their stable, functional three-dimensional structures through the process of folding, driven by various interactions and environmental factors. •	Factors that contribute to conformational stability include hydrophobic interactions, hydrogen bonding, ionic interactions, and disulfide bridges. •	Denaturation can disrupt the native protein structure, leading to loss of function, and can be caused by changes in temperature, pH, or the presence of certain chemicals."
13,Biological and Biochemical Foundations of Living Systems,Structure and function of proteins and their constituent amino acids,Hydrophobic Interactions and Solvation Layer:,"Hydrophobic interactions between nonpolar amino acid side chains play a crucial role in stabilizing protein structure by driving the formation of the hydrophobic core. •	The solvation layer, formed by water molecules surrounding the protein, contributes to the entropy and stability of the protein structure."
14,Biological and Biochemical Foundations of Living Systems,Structure and function of proteins and their constituent amino acids,Separation Techniques and Isoelectric Point:,"Proteins can be separated and purified using various techniques, such as electrophoresis, which separates proteins based on their size and charge. •	The isoelectric point (pI) is the pH at which a protein has no net electric charge, and it is an important parameter for protein purification and characterization."
15,Biological and Biochemical Foundations of Living Systems,Structure and function of proteins and their constituent amino acids,Explain the different levels of protein structure and discuss how the interactions between amino acids contribute to the stability and function of proteins.,"Proteins are complex biomolecules that exhibit a hierarchical structure, from the primary to the quaternary level. Each level of protein structure plays a crucial role in determining the overall function and behavior of the protein. The primary structure (1°) refers to the linear sequence of amino acids that make up the polypeptide chain. This sequence is crucial, as it dictates the subsequent levels of protein structure and the final three-dimensional shape of the protein. The secondary structure (2°) involves the local arrangement of the polypeptide chain, with common structural motifs such as ?-helices and ?-sheets. These secondary structures are stabilized by hydrogen bonding between the carbonyl oxygen and the amino hydrogen atoms along the backbone of the polypeptide chain. The tertiary structure (3°) represents the overall three-dimensional shape of the protein, which is determined by the interactions between different parts of the polypeptide chain. These interactions can include hydrophobic interactions, ionic bonds, hydrogen bonds, and disulfide bridges. The tertiary structure is responsible for the unique function of a protein, as the specific arrangement of amino acids creates a unique active site or binding pocket. In some cases, multiple polypeptide chains or subunits come together to form the quaternary structure (4°) of a protein. This higher-level organization is essential for the assembly and function of large, multi-subunit protein complexes, such as those found in the electron transport chain or the ribosome. The stability and functionality of proteins are largely dependent on the balance of these various interactions. For example, the presence of proline residues can introduce kinks and bends in the polypeptide chain, while cystine residues (disulfide bridges) can provide additional structural rigidity. Hydrophobic interactions between nonpolar amino acid side chains drive the formation of the protein's hydrophobic core, which is crucial for maintaining the three-dimensional shape and function of the protein. Understanding the different levels of protein structure and the underlying forces that stabilize them is crucial for studying protein function, engineering novel proteins, and designing targeted therapeutic interventions."
16,Biological and Biochemical Foundations of Living Systems,Structure and function of proteins and their constituent amino acids,Discuss the importance of hydrophobic interactions and the solvation layer in the context of protein folding and conformational stability.,"Protein folding and conformational stability are critically dependent on the interplay between hydrophobic interactions and the solvation layer surrounding the protein. Hydrophobic interactions play a vital role in the folding and stabilization of protein structures. As proteins fold, the nonpolar, hydrophobic side chains of amino acids tend to cluster together in the interior of the protein, away from the aqueous environment. This clustering of hydrophobic residues is driven by the tendency of water molecules to minimize their contact with nonpolar surfaces, a phenomenon known as the hydrophobic effect. The solvation layer, formed by water molecules surrounding the protein, also contributes significantly to the entropy and stability of the protein structure. When a protein folds, the water molecules that were previously ordered around the exposed nonpolar groups are released, increasing the overall entropy of the system. This increase in entropy helps drive the folding process and stabilize the final protein structure. Furthermore, the solvation layer can interact with the polar and charged groups on the protein surface, forming hydrogen bonds and ionic interactions that further contribute to the conformational stability of the protein. The delicate balance between hydrophobic interactions and the solvation layer is critical for the protein's ability to adopt its stable, functional three-dimensional structure. Disruptions to this balance, such as changes in temperature, pH, or the presence of denaturants, can lead to the unfolding or denaturation of the protein, resulting in the loss of its native structure and function. Understanding the importance of hydrophobic interactions and the solvation layer in protein folding and stability has numerous applications, including the design of more stable and efficient enzymes, the development of protein-based biomaterials, and the rational design of drugs that target specific protein conformations."
