S/N,Question,C,D,E,F,G,H
1,Which of the following best describes the absolute configuration at the ?-carbon of an amino acid?,R configuration,S configuration ,Both R and S configurations are possible,The configuration is always planar,Answer: Both R and S configurations are possible,"Explanation: The ?-carbon of an amino acid is a chiral center, meaning it has four distinct substituents attached. This allows for the possibility of both R (rectus) and S (sinister) configurations, depending on the relative positions of the substituents. The amino acid structure has an amino group (-NH2), a carboxyl group (-COOH), a hydrogen atom, and a side chain (R group) attached to the ?-carbon. The arrangement of these four groups can result in either the R or S configuration. Therefore, the correct answer is that both R and S configurations are possible for the absolute configuration at the ?-carbon of an amino acid."
2,Which of the following best describes the state of an amino acid at physiological pH?,It exists solely as a neutral molecule,It exists solely as a positively charged ion (cation),It exists solely as a negatively charged ion (anion),It exists as a dipolar ion (zwitterion),Answer: It exists as a dipolar ion (zwitterion),"Explanation: At physiological pH (around 7.4), amino acids exist in a dipolar ionic form, also known as a zwitterion. In this state, the amino acid molecule has both a positively charged amino group (-NH3+) and a negatively charged carboxyl group (-COO-) present simultaneously. The neutral amino acid structure is not the predominant form at physiological pH, as the amino and carboxyl groups become ionized. The amino acid does not exist solely as a positively charged cation or negatively charged anion at this pH, as it contains both charged groups in a balanced, dipolar state. Therefore, the correct answer is that the amino acid exists as a dipolar ion or zwitterion at physiological pH."
3,How are amino acids classified based on the properties of their side chains (R groups)?,"Acidic, basic, and neutral",Hydrophobic and hydrophilic,Both A and B,None of the above,Answer: Both A and B,"Explanation: Amino acids are classified based on the properties of their side chains (R groups) in two main ways: 1. Acidic, basic, and neutral:
   - Acidic amino acids have side chains with carboxyl groups (e.g., aspartic acid, glutamic acid)  - Basic amino acids have side chains with amino groups (e.g., lysine, arginine)  - Neutral amino acids have side chains without ionizable groups (e.g., alanine, valine). Therefore, the correct answer is C) Both A and B, as amino acids are classified based on both the acidity/basicity and the hydrophobicity/hydrophilicity of their side chains."
4,What type of functional group is formed when aspartic acid reacts with another amino acid to form a peptide bond?,An amine group,An aldehyde group,An amide group,A carboxyl group,Answer: An amide group,"Explanation: When an amino acid (like aspartic acid) reacts with another amino acid to form a peptide bond, the resulting functional group is an amide group. In the peptide bond formation, the carboxyl group (-COOH) of one amino acid reacts with the amino group (-NH2) of another amino acid, releasing a water molecule and forming the amide linkage (-CO-NH-). The amide group is the characteristic functional group present in peptides and proteins, linking the individual amino acid units together. The other options are incorrect because: A) An amine group is not formed during peptide bond formation. B) An aldehyde group is not involved in this reaction. D) The carboxyl group is consumed in the peptide bond formation, not formed. Therefore, the correct answer is C) An amide group."
5,What type of chemical reaction occurs when cysteine residues in a protein form a disulfide bond?,Hydrolysis,Oxidation,Reduction,Sulfur linkage,Answer: Sulfur linkage,"Explanation: When cysteine residues in a protein form a disulfide bond, the reaction that occurs is a sulfur linkage. The sulfur-containing side chain of cysteine can undergo oxidation to form a covalent disulfide bond (-S-S-) between two cysteine residues. This cross-linking between cysteine residues helps stabilize the 3D structure of the protein. Hydrolysis is the breaking of chemical bonds through the addition of water, which is not the case here.
Oxidation and reduction involve the gain or loss of electrons, respectively, which are not the primary mechanisms in disulfide bond formation. Therefore, the correct answer is D) Sulfur linkage, as this best describes the chemical reaction that occurs when cysteine residues form disulfide bonds in proteins."
6,Which of the following statements accurately describes the absolute configuration at the ?-carbon of amino acids?,All naturally occurring amino acids have the L-configuration.,All naturally occurring amino acids have the D-configuration.,Naturally occurring amino acids can have either the L- or D-configuration.,The absolute configuration at the ?-carbon is irrelevant for the function of amino acids.,Answer: All naturally occurring amino acids have the L-configuration.,"Explanation: The ?-carbon of amino acids is a chiral center, meaning it has four different substituents attached. Amino acids can exist in two different stereoisomeric forms, the L-configuration and the D-configuration. In naturally occurring proteins and peptides, the amino acids exclusively have the L-configuration at the ?-carbon. This is a fundamental structural feature of biological amino acids. The L-configuration allows for the proper folding and function of proteins. Answer choices B and C are incorrect because all naturally occurring amino acids have the L-configuration, not the D-configuration or a mixture of the two. Answer choice D is also incorrect, as the absolute configuration at the ?-carbon is crucial for the structure and function of amino acids and the resulting proteins."
7,Which of the following best describes the behavior of amino acids as dipolar ions (zwitterions)?,Amino acids exist as neutral molecules at all pH levels.,Amino acids exist as positively charged ions (cations) at all pH levels.,Amino acids exist as negatively charged ions (anions) at all pH levels.,"Amino acids can exist as dipolar ions, with both positive and negative charges, depending on the pH of the solution.","Answer: Amino acids can exist as dipolar ions, with both positive and negative charges, depending on the pH of the solution.","Explanation: Amino acids contain both a carboxyl group (-COOH) and an amino group (-NH2) within the same molecule. At certain pH values, the carboxyl group can lose a proton (H+) to become a negatively charged carboxylate group (-COO-), while the amino group can gain a proton to become a positively charged ammonium group (-NH3+). This allows amino acids to exist as dipolar ions or zwitterions, with both positive and negative charges present on the same molecule. The specific charge state of the amino acid depends on the pH of the surrounding solution relative to the amino acid's isoelectric point. Answer choices A, B, and C are incorrect because amino acids do not exist solely as neutral molecules, cations, or anions, respectively. The zwitterionic nature of amino acids is the key feature described in the correct answer."
8,How are amino acids classified based on the properties of their side chains?,"Polar, nonpolar, and charged","Acidic, basic, and neutral",Hydrophobic and hydrophilic,All of the above,Answer: All of the above,"Explanation: Amino acids can be classified based on several different properties of their side chains (R-groups): 1. Polarity: Amino acids can be classified as polar (e.g., serine, threonine), nonpolar (e.g., alanine, valine), or charged (e.g., aspartic acid, lysine). 2. Acid-base properties: Amino acids can be classified as acidic (e.g., glutamic acid), basic (e.g., arginine), or neutral (e.g., glycine). 3. Hydrophobicity: Amino acids can be classified as hydrophobic (e.g., phenylalanine, leucine) or hydrophilic (e.g., histidine, tyrosine). Therefore, the correct answer is D) All of the above, as amino acids can be classified based on all three of these properties of their side chains."
9,What type of functional group is formed when aspartic acid reacts with another amino acid to form a peptide bond?,An amine group,An aldehyde group,An amide group,A carboxyl group,Answer: An amide group,"Explanation: When amino acids form peptide bonds to create polypeptides and proteins, the reaction occurs between the carboxyl group (-COOH) of one amino acid and the amino group (-NH2) of another amino acid. In the case of aspartic acid reacting with another amino acid, the carboxyl group of aspartic acid forms a covalent bond with the amino group of the other amino acid, creating an amide functional group (-CO-NH-). The amine group (answer A) is not formed in this reaction. An aldehyde group (answer B) is also not involved. The carboxyl group (answer D) of the aspartic acid is consumed in the peptide bond formation, not formed. Therefore, the correct answer is C) An amide group, which is the functional group created when a peptide bond is formed between amino acids."
10,Which of the following reactions is responsible for the formation of disulfide bridges between cysteine residues in proteins?,Sulfur linkage,Peptide linkage,Hydrolysis,Dehydration,Answer: Sulfur linkage,"Explanation: The amino acid cysteine contains a sulfhydryl (-SH) group in its side chain. When two cysteine residues are in close proximity, the sulfhydryl groups can undergo oxidation to form a covalent disulfide bond (-S-S-). This sulfur linkage between the cysteine residues creates a disulfide bridge, which helps stabilize the three-dimensional structure of proteins. Peptide linkage (answer B) refers to the formation of the amide bond between the carboxyl group of one amino acid and the amino group of another, creating the backbone of polypeptides and proteins. Hydrolysis (answer C) is the process of breaking down peptide bonds, the opposite of peptide bond formation. Dehydration (answer D) is not the correct term for the formation of disulfide bridges between cysteine residues. Therefore, the correct answer is A) Sulfur linkage, which is the reaction responsible for creating disulfide bridges in proteins."
11,Which of the following is NOT a key factor in determining the tertiary structure of a protein?,Disulfide bridges formed by cysteine residues,Hydrogen bonding between polar and charged amino acid side chains,Hydrophobic interactions between non-polar amino acid side chains,The sequence of amino acids in the primary structure,Answer: The sequence of amino acids in the primary structure,"Explanation: The primary structure of a protein, which is the sequence of amino acids, is the fundamental determinant of the higher-level structures (secondary, tertiary, and quaternary) that the protein will adopt. The other options are all important factors that contribute to the stabilization and maintenance of the tertiary structure of a protein: A) Disulfide bridges formed by cysteine residues help to stabilize the three-dimensional shape of the protein. B) Hydrogen bonding between polar and charged amino acid side chains also plays a key role in stabilizing the tertiary structure. C) Hydrophobic interactions between non-polar amino acid side chains are critical for the folding and packing of the protein structure. However, the primary amino acid sequence itself is the primary determinant of the overall three-dimensional shape and structure of the protein. Therefore, the correct answer is D) The sequence of amino acids in the primary structure."
12,How do proline residues affect the secondary structure of proteins?,Proline residues disrupt the formation of alpha-helices.,Proline residues promote the formation of beta-sheets.,Proline residues are not involved in the secondary structure of proteins.,Proline residues can form both alpha-helices and beta-sheets.,Answer: Proline residues disrupt the formation of alpha-helices.,"Explanation: Proline residues have a unique structural feature that affects the secondary structure of proteins: - Proline is a cyclic amino acid, with its side chain connected back to the nitrogen atom of the amino group. - This cyclic structure of proline disrupts the regular hydrogen bonding pattern required for the formation of alpha-helices. - The presence of proline in a polypeptide chain introduces a kink or bend in the alpha-helix, as the proline residue cannot fit into the helical structure. Therefore, proline residues are often found at the beginning or end of alpha-helix segments, where they can introduce a break or disruption in the secondary structure. The other options are incorrect: - Proline residues do not promote the formation of beta-sheets, as they are disruptive to regular secondary structures. - Proline is involved in the secondary structure of proteins, specifically in disrupting alpha-helix formation. - Proline cannot form both alpha-helices and beta-sheets, as it is disruptive to the regular hydrogen bonding patterns required for these secondary structures."
13,Which of the following statements about the quaternary structure of proteins is true?,Quaternary structure refers to the folding of a single polypeptide chain.,Quaternary structure involves the interaction and assembly of multiple polypeptide chains.,Quaternary structure is stabilized primarily by hydrophobic interactions.,Quaternary structure is not affected by the presence of disulfide bridges.,Answer: Quaternary structure involves the interaction and assembly of multiple polypeptide chains.,"Explanation: The quaternary structure of a protein refers to the arrangement and interactions of multiple polypeptide chains or subunits that come together to form the complete protein complex. The key points about quaternary structure are: - It involves the association and assembly of two or more polypeptide chains or subunits. - It is the highest level of protein structure, above the primary, secondary, and tertiary structures. The interactions between the subunits are stabilized by various non-covalent forces, such as hydrogen bonds, ionic interactions, and hydrophobic interactions. - Disulfide bridges can also contribute to the stabilization of quaternary structure, in addition to the other non-covalent interactions. The other options are incorrect: - Quaternary structure is not referring to the folding of a single polypeptide chain, which is the tertiary structure. - Quaternary structure is primarily stabilized by non-covalent interactions, not just hydrophobic interactions. - Disulfide bridges can play a role in stabilizing quaternary structure, contrary to the statement in option D."
14,How do hydrophobic interactions contribute to the conformational stability of proteins?,Hydrophobic interactions stabilize the secondary structure of proteins.,Hydrophobic interactions drive the formation of the tertiary structure of proteins.,Hydrophobic interactions are not important for the conformational stability of proteins.,Hydrophobic interactions primarily stabilize the quaternary structure of proteins.,Answer: Hydrophobic interactions drive the formation of the tertiary structure of proteins.,"Explanation: Hydrophobic interactions are a key factor in determining the conformational stability and folding of proteins, particularly with respect to the tertiary structure. The reasoning is as follows: - Amino acid side chains with non-polar, hydrophobic groups (e.g., valine, leucine, phenylalanine) tend to be buried within the interior of the folded protein structure. - This is driven by the hydrophobic effect, where these non-polar groups minimize their contact with the aqueous solvent, leading to a more favorable entropy change. - As the protein folds into its three-dimensional tertiary structure, the hydrophobic groups cluster together, effectively shielding them from the surrounding water molecules. - This hydrophobic packing and exclusion of water molecules is a major driving force in the stabilization of the tertiary structure of proteins. The other options are incorrect: - Hydrophobic interactions are not the primary stabilizing factor for the secondary structure (option A). - Hydrophobic interactions are not the main determinant of quaternary structure (option D). - Hydrophobic interactions are, in fact, crucial for the conformational stability of proteins (option C is incorrect)."
15,What is the primary purpose of using electrophoresis techniques to separate proteins?,To determine the isoelectric point of proteins,To measure the molecular weight of proteins,To separate proteins based on their charge-to-mass ratio,To denature and unfold the structure of proteins,Answer: To separate proteins based on their charge-to-mass ratio,Explanation: The primary purpose of using electrophoresis techniques to separate proteins is to separate them based on their charge-to-mass ratio.
16,Question 1:,Which of the following is NOT a key factor that contributes to the stability of a protein's tertiary (3°) structure?,Hydrogen bonding,Hydrophobic interactions,Ionic interactions,Covalent disulfide bridges,Answer: D) Covalent disulfide bridges Explanation:
17,Question 2:,What is the role of proline in the secondary (2°) structure of proteins?,"Proline introduces kinks and bends in the polypeptide backbone, disrupting regular secondary structures.",Proline promotes the formation of alpha-helices by stabilizing the helical conformation.,Proline has no significant effect on the secondary structure of proteins.,Proline facilitates the formation of beta-sheets by linking adjacent strands.,"Answer: A) Proline introduces kinks and bends in the polypeptide backbone, disrupting regular secondary structures. Explanation:"
18,Question 3:,How does the hydrophobic effect contribute to the stability of a protein's tertiary (3°) structure?,"It drives the burial of nonpolar side chains in the protein's interior, minimizing their exposure to water.",It promotes the formation of hydrogen bonds between polar and charged side chains on the protein surface.,It encourages the formation of disulfide bridges between cysteine residues.,"It increases the solvation layer around the protein, enhancing its overall stability.","Answer: A) It drives the burial of nonpolar side chains in the protein's interior, minimizing their exposure to water. Explanation:"
19,Question 4:,What is the primary purpose of using electrophoresis as a protein separation technique?,To determine the isoelectric point (pI) of a protein,To separate proteins based on their molecular weight,To denature proteins and analyze their amino acid composition,To purify proteins by exploiting their unique surface charge properties,Answer: B) To separate proteins based on their molecular weight Explanation:
20,Question 5:,What is the primary function of the solvation layer (hydration shell) around a protein?,To increase the overall conformational stability of the protein,To facilitate the unfolding and denaturation of the protein,"To increase the entropy of the system, thereby stabilizing the protein",To increase the protein's solubility in aqueous environments,"Answer: C) To increase the entropy of the system, thereby stabilizing the protein Explanation:"
21,Question 1:,Which of the following is the main structural feature responsible for the secondary structure of a protein?,Hydrogen bonding,Disulfide bridges,Hydrophobic interactions,Ionic interactions,Answer: A) Hydrogen bonding Explanation:
22,Question 2:,What is the primary role of proline residues in the tertiary structure of proteins?,Proline disrupts the formation of alpha-helices.,Proline promotes the formation of beta-sheets.,Proline introduces kinks and bends in the polypeptide backbone.,Proline increases the overall stability of the tertiary structure.,Answer: C) Proline introduces kinks and bends in the polypeptide backbone. Explanation:
23,Question 3:,Which of the following is the primary driver for the formation of the quaternary structure of proteins?,Hydrogen bonding,Hydrophobic interactions,Disulfide bridges,Ionic interactions,Answer: B) Hydrophobic interactions Explanation:
24,Question 4:,How does the solvation layer around a protein molecule affect the overall conformational stability of the protein?,"The solvation layer decreases the entropy of the system, stabilizing the protein structure.","The solvation layer increases the entropy of the system, destabilizing the protein structure.",The solvation layer has no effect on the conformational stability of the protein.,"The solvation layer can either stabilize or destabilize the protein structure, depending on the specific conditions.","Answer: A) The solvation layer decreases the entropy of the system, stabilizing the protein structure. Explanation:"
25,Question 5:,Which of the following techniques can be used to determine the isoelectric point (pI) of a protein?,Gel electrophoresis,Liquid chromatography,Ultracentrifugation,Both A and B,Answer: D) Both A and B Explanation:
26,Question 1:,Which of the following is not a key determinant of the tertiary structure of a protein?,Hydrogen bonding,Disulfide bridges,Ionic interactions,Glycosylation,Answer: D) Glycosylation Explanation:
27,Question 2:,What is the role of proline in the secondary structure of proteins?,Proline introduces kinks and bends in ?-helices.,Proline stabilizes ?-sheets by forming hydrogen bonds.,"Proline acts as a helix breaker, disrupting ?-helical structures.",Proline has no significant effect on the secondary structure of proteins.,"Answer: C) Proline acts as a helix breaker, disrupting ?-helical structures. Explanation:"
28,Question 3:,Which of the following techniques can be used to separate proteins based on their isoelectric point (pI)?,Size-exclusion chromatography,Ion-exchange chromatography,Gel electrophoresis,Affinity chromatography,Answer: B) Ion-exchange chromatography Explanation:
29,Question 4:,How do hydrophobic interactions contribute to the conformational stability of proteins?,"Hydrophobic interactions increase the entropy of the solvation layer, destabilizing the protein structure.","Hydrophobic interactions increase the entropy of the solvation layer, stabilizing the protein structure.","Hydrophobic interactions decrease the entropy of the solvation layer, destabilizing the protein structure.","Hydrophobic interactions decrease the entropy of the solvation layer, stabilizing the protein structure.","Answer: D) Hydrophobic interactions decrease the entropy of the solvation layer, stabilizing the protein structure. Explanation:"
30,Question 5:,Which of the following is a consequence of protein denaturation?,Increased solubility of the protein,Increased specificity of the protein's biological function,Disruption of the protein's secondary and tertiary structure,Increased stability of the protein's quaternary structure,Answer: C) Disruption of the protein's secondary and tertiary structure Explanation:
31,Question 1:,Which of the following is a key feature of the immunoglobulin (antibody) structure that enables its function in the immune system?,The presence of a hydrophobic binding pocket,The ability to form disulfide bridges between heavy and light chains,The flexibility of the hinge region between the Fab and Fc domains,The high degree of glycosylation on the antibody surface,Answer: C) The flexibility of the hinge region between the Fab and Fc domains Explanation:
32,Question 2:,"How do motor proteins, such as myosin and kinesin, generate force and movement?",By hydrolyzing ATP to ADP and inorganic phosphate,By undergoing conformational changes in response to calcium ion binding,By forming disulfide bridges between their motor and cargo-binding domains,By utilizing the energy released from the oxidation of glucose,Answer: A) By hydrolyzing ATP to ADP and inorganic phosphate Explanation:
33,Question 3:,Which of the following is a key property of the immune system that enables it to recognize a wide variety of foreign antigens?,The presence of a fixed set of antibody structures,The ability to generate a diverse repertoire of antigen-binding receptors,The use of a limited number of signaling pathways for immune activation,The high specificity of the antigen-binding sites on individual antibodies,Answer: B) The ability to generate a diverse repertoire of antigen-binding receptors Explanation:
34,Question 4:,"How do lectins, such as concanavalin A, bind to and interact with carbohydrates on cell surfaces?",Lectins bind to carbohydrates through ionic interactions and hydrogen bonds.,Lectins have a hydrophobic binding pocket that interacts with the carbohydrate moiety.,"Lectins undergo a conformational change upon binding to carbohydrates, which stabilizes the interaction.",Lectins use their multiple carbohydrate-binding domains to cross-link and aggregate cells.,Answer: D) Lectins use their multiple carbohydrate-binding domains to cross-link and aggregate cells. Explanation:
35,Question 5:,What is the primary function of the fibrinogen protein in the human body?,To facilitate the movement of organelles within cells,To transport oxygen and carbon dioxide in the bloodstream,To initiate the blood clotting cascade and promote hemostasis,To provide structural support and flexibility to the extracellular matrix,Answer: C) To initiate the blood clotting cascade and promote hemostasis Explanation:
36,Question 1:,Which of the following is the primary function of immunoglobulins (antibodies) in the adaptive immune system?,Catalyzing biochemical reactions,Transporting small molecules and ions,Recognizing and neutralizing foreign antigens,Generating electrical impulses for cell signaling,Answer: C) Recognizing and neutralizing foreign antigens Explanation:
37,Question 2:,"How do motor proteins, such as kinesin and dynein, contribute to cellular function?",By catalyzing the breakdown of ATP to provide energy for cellular processes,By transporting vesicles and organelles along the cytoskeleton,By regulating the expression of genes involved in cellular metabolism,By forming structural components of the extracellular matrix,Answer: B) By transporting vesicles and organelles along the cytoskeleton Explanation:
38,Question 3:,Which type of non-enzymatic protein is responsible for the neutralization of pathogens in the humoral immune response?,Complement proteins,Antibodies (immunoglobulins),Cytokines,Major histocompatibility complex (MHproteins,Answer: B) Antibodies (immunoglobulins) Explanation:
39,Question 4:,"How do non-enzymatic binding proteins, such as streptavidin, contribute to biotechnological applications?",By catalyzing chemical reactions for industrial processes,By transporting small molecules and ions across cellular membranes,By providing structural support and scaffolding for cellular components,"By forming high-affinity, reversible interactions with specific ligands","Answer: D) By forming high-affinity, reversible interactions with specific ligands Explanation:"
40,Question 5:,Which type of non-enzymatic protein is responsible for the detection and engulfment of pathogens in the innate immune response?,Antibodies (immunoglobulins),Complement proteins,"Phagocytic cells (e.g., macrophages, neutrophils)",Major histocompatibility complex (MHproteins,"Answer: C) Phagocytic cells (e.g., macrophages, neutrophils) Explanation:"
41,Question 1:,Which of the following is a key structural feature that enables antibodies to bind to a wide variety of antigens?,The presence of a single binding site on the antibody,The flexibility and adaptability of the antibody's binding site,The high specificity of the antibody's binding interactions,The ability of the antibody to undergo conformational changes,Answer: B) The flexibility and adaptability of the antibody's binding site Explanation:
42,Question 2:,"How do motor proteins, such as myosin, generate force and movement?",By converting chemical energy (ATP) into mechanical energy,By utilizing the energy released from protein folding,By harnessing the energy of ion gradients across membranes,By exploiting the entropy of the surrounding aqueous environment,Answer: A) By converting chemical energy (ATP) into mechanical energy Explanation:
43,Question 3:,Which of the following is a key feature of the major histocompatibility complex (MHmolecules in the immune system?,The ability to directly recognize and bind to pathogens,The capacity to present self-peptides to T cells for tolerance,The function of acting as enzymatic catalysts for immune reactions,The role in directly destroying infected or cancerous host cells,Answer: B) The capacity to present self-peptides to T cells for tolerance Explanation:
44,Question 4:,How do antibodies neutralize the activity of toxins or viruses?,By directly destroying the target molecules through enzymatic activity,By binding to the target molecules and preventing their interaction with host cells,By altering the conformational structure of the target molecules to inactivate them,By recruiting other immune cells to phagocytose and destroy the target molecules,Answer: B) By binding to the target molecules and preventing their interaction with host cells Explanation:
45,Question 5:,Which of the following is a key function of the non-enzymatic protein fibrinogen in the blood clotting process?,"Initiating the clotting cascade by activating the serine protease, thrombin","Catalyzing the conversion of prothrombin into the active serine protease, thrombin",Providing a substrate for the enzymatic cross-linking of fibrin to form a stable clot,"Regulating the activity of the serine protease inhibitor, antithrombin III",Answer: C) Providing a substrate for the enzymatic cross-linking of fibrin to form a stable clot Explanation:
46,Question 1:,Which of the following is a key feature of antibodies that enables their role in the immune system?,Allosteric regulation,Catalytic activity,Antigen binding specificity,Thermodynamic stability,Answer: C) Antigen binding specificity Explanation:
47,Question 2:,"How do motor proteins, such as kinesin and dynein, contribute to cellular transport?",They generate mechanical force to drive the movement of organelles and vesicles within the cell.,They act as signaling molecules to regulate the activity of other transport proteins.,They facilitate the movement of small molecules and ions across the cell membrane.,They provide structural support to maintain the integrity of the cytoskeleton.,Answer: A) They generate mechanical force to drive the movement of organelles and vesicles within the cell. Explanation:
48,Question 3:,What is the primary function of the sarcoplasmic reticulum in skeletal muscle cells?,To store and release calcium ions for muscle contraction,To synthesize and transport proteins for the contractile apparatus,To provide structural support for the organization of myofibrils,To generate ATP through oxidative phosphorylation,Answer: A) To store and release calcium ions for muscle contraction Explanation:
49,Question 4:,Which of the following is a characteristic of the immune system's adaptive response?,Immediate response to pathogens,Lack of immunological memory,Nonspecific recognition of antigens,Generation of antigen-specific receptors,Answer: D) Generation of antigen-specific receptors Explanation:
50,Question 5:,"How do protein-based molecular motors, such as myosin, contribute to muscle contraction?",They generate mechanical force to slide actin and myosin filaments past each other.,They act as signal transducers to regulate the activity of calcium-binding proteins.,They provide structural support to maintain the organization of the sarcomere.,They facilitate the transport of metabolites and ions across the cell membrane.,Answer: A) They generate mechanical force to slide actin and myosin filaments past each other. Explanation:
